<?xml version="1.0" encoding="utf-8" standalone="yes"?>
<edmx:Edmx Version="1.0" xmlns:edmx="http://schemas.microsoft.com/ado/2007/06/edmx" xmlns:atom="http://www.w3.org/2005/Atom">
	<edmx:DataServices m:DataServiceVersion="2.0" xmlns:m="http://schemas.microsoft.com/ado/2007/08/dataservices/metadata">
		<Schema Namespace="SFODataSet" xmlns="http://schemas.microsoft.com/ado/2008/09/edm" xmlns:sf="http://www.successfactors.com/edm/sf"
			xmlns:sap="http://www.successfactors.com/edm/sap">
			<EntityContainer Name="EntityContainer" m:IsDefaultEntityContainer="true">
				<EntitySet Name="Background_InsideWorkExperience" EntityType="SFOData.Background_InsideWorkExperience"
					sap:label="Background_InsideWorkExperience" sap:creatable="true" sap:updatable="true" sap:upsertable="true" sap:deletable="true">
					<Documentation>
						<Summary>Background*</Summary>
						<LongDescription>Background objects are customizable to store general background information about an employee. Representative definitions
							include education and outside work experience</LongDescription>
						<sap:tagcollection>
							<sap:tag>Employee Central (EC)</sap:tag>
							<sap:tag>EC - Employee Profile</sap:tag>
						</sap:tagcollection>
					</Documentation>
				</EntitySet>
			</EntityContainer>
		</Schema>
		<Schema Namespace="SFOData" xmlns="http://schemas.microsoft.com/ado/2008/09/edm" xmlns:sf="http://www.successfactors.com/edm/sf"
			xmlns:sap="http://www.successfactors.com/edm/sap">
			<EntityType Name="Background_InsideWorkExperience">
				<Key>
					<PropertyRef Name="backgroundElementId"></PropertyRef>
					<PropertyRef Name="userId"></PropertyRef>
				</Key>
				<Property Name="backgroundElementId" Type="Edm.Int64" Nullable="false" sap:required="false" sap:creatable="false" sap:updatable="true"
					sap:upsertable="true" sap:visible="true" sap:sortable="false" sap:filterable="false" sap:label="backgroundElementId"></Property>
				<Property Name="bgOrderPos" Type="Edm.Int64" Nullable="false" sap:required="false" sap:creatable="false" sap:updatable="true"
					sap:upsertable="true" sap:visible="true" sap:sortable="true" sap:filterable="false" sap:label="bgOrderPos"></Property>
				<Property Name="changeReason" Type="Edm.String" Nullable="true" sap:required="false" sap:creatable="true" sap:updatable="true"
					sap:upsertable="true" sap:visible="true" sap:sortable="false" sap:filterable="false" sap:label="Motivo del Cambio"></Property>
				<Property Name="collaborators" Type="Edm.Int32" Nullable="true" sap:required="false" sap:creatable="true" sap:updatable="true"
					sap:upsertable="true" sap:visible="true" sap:sortable="false" sap:filterable="false" sap:label="Nº de colaboradores que coordina usted"></Property>
				<Property Name="endDate" Type="Edm.DateTime" Nullable="true" sap:required="false" sap:creatable="true" sap:updatable="true"
					sap:upsertable="true" sap:visible="true" sap:sortable="false" sap:filterable="false" sap:display-format="Date" sap:label="Fecha Fin"></Property>
				<Property Name="functionalArea" Type="Edm.String" Nullable="true" sap:required="false" sap:creatable="true" sap:updatable="true"
					sap:upsertable="true" sap:visible="true" sap:sortable="false" sap:filterable="false" sap:label="Área Funcional"></Property>
				<Property Name="functions" Type="Edm.String" Nullable="true" sap:required="false" sap:creatable="true" sap:updatable="true"
					sap:upsertable="true" sap:visible="true" sap:sortable="false" sap:filterable="false" sap:label="Tareas Realizadas"></Property>
				<Property Name="generalManagement" Type="Edm.String" Nullable="true" sap:required="false" sap:creatable="true" sap:updatable="true"
					sap:upsertable="true" sap:visible="true" sap:sortable="false" sap:filterable="false" sap:label="Dirección General"></Property>
				<Property Name="higherPosition" Type="Edm.String" Nullable="true" sap:required="false" sap:creatable="true" sap:updatable="true"
					sap:upsertable="true" sap:visible="true" sap:sortable="false" sap:filterable="false" sap:label="Puesto del Superior"></Property>
				<Property Name="jobCategory" Type="Edm.String" Nullable="true" sap:required="false" sap:creatable="true" sap:updatable="true"
					sap:upsertable="true" sap:visible="true" sap:sortable="false" sap:filterable="false" sap:label="Categoría de Trabajo"></Property>
				<Property Name="jobPosition" Type="Edm.String" Nullable="true" sap:required="false" sap:creatable="true" sap:updatable="true"
					sap:upsertable="true" sap:visible="true" sap:sortable="false" sap:filterable="false" sap:label="Puesto Desempeñado"></Property>
				<Property Name="lastModifiedDate" Type="Edm.DateTimeOffset" Nullable="false" sap:required="false" sap:creatable="false"
					sap:updatable="false" sap:upsertable="false" sap:visible="true" sap:sortable="false" sap:filterable="true" sap:label="Last Modified Date"></Property>
				<Property Name="organizationalArea" Type="Edm.String" Nullable="true" sap:required="false" sap:creatable="true" sap:updatable="true"
					sap:upsertable="true" sap:visible="true" sap:sortable="false" sap:filterable="false" sap:label="Área Organizativa"></Property>
				<Property Name="personalCategory" Type="Edm.String" Nullable="true" sap:required="false" sap:creatable="true" sap:updatable="true"
					sap:upsertable="true" sap:visible="true" sap:sortable="false" sap:filterable="false" sap:label="Categoría Personal"></Property>
				<Property Name="personalDiv" Type="Edm.String" Nullable="true" sap:required="false" sap:creatable="true" sap:updatable="true"
					sap:upsertable="true" sap:visible="true" sap:sortable="false" sap:filterable="false" sap:label="Texto de Div. de Personal"></Property>
				<Property Name="personalSubDiv" Type="Edm.String" Nullable="true" sap:required="false" sap:creatable="true" sap:updatable="true"
					sap:upsertable="true" sap:visible="true" sap:sortable="false" sap:filterable="false" sap:label="Texto de Subdivisión de Personal"></Property>
				<Property Name="provPersonalSubDiv" Type="Edm.String" Nullable="true" sap:required="false" sap:creatable="true" sap:updatable="true"
					sap:upsertable="true" sap:visible="true" sap:sortable="false" sap:filterable="false" sap:label="Prov. de Subdivisión de Personal"></Property>
				<Property Name="startDate" Type="Edm.DateTime" Nullable="true" sap:required="false" sap:creatable="true" sap:updatable="true"
					sap:upsertable="true" sap:visible="true" sap:sortable="false" sap:filterable="false" sap:display-format="Date" sap:label="Fecha de inicio"></Property>
				<Property Name="userId" Type="Edm.String" Nullable="false" sap:required="true" sap:creatable="true" sap:updatable="true"
					sap:upsertable="true" sap:visible="true" sap:sortable="false" sap:filterable="true" sap:label="userId"></Property>
			</EntityType>
		</Schema>
	</edmx:DataServices>
</edmx:Edmx>