<?xml version="1.0" encoding="utf-8" standalone="yes"?>
<edmx:Edmx Version="1.0" xmlns:edmx="http://schemas.microsoft.com/ado/2007/06/edmx" xmlns:atom="http://www.w3.org/2005/Atom">
	<edmx:DataServices m:DataServiceVersion="2.0" xmlns:m="http://schemas.microsoft.com/ado/2007/08/dataservices/metadata">
		<Schema Namespace="SFODataSet" xmlns="http://schemas.microsoft.com/ado/2008/09/edm" xmlns:sf="http://www.successfactors.com/edm/sf"
			xmlns:sap="http://www.successfactors.com/edm/sap">
			<EntityContainer Name="EntityContainer" m:IsDefaultEntityContainer="true">
				<EntitySet Name="User" EntityType="SFOData.User" sap:label="User" sap:creatable="true" sap:updatable="true" sap:upsertable="true"
					sap:deletable="false">
					<Documentation>
						<Summary>User</Summary>
						<LongDescription>Contains information about a system user including log in user name, password, and summaries of user personal and
							organizational information.</LongDescription>
						<sap:tagcollection>
							<sap:tag>Foundation/Platform (PLT)</sap:tag>
							<sap:tag>PLT - User Management</sap:tag>
						</sap:tagcollection>
					</Documentation>
				</EntitySet>
				<AssociationSet Name="proxy_of_user" Association="SFOData.proxy_of_user">
					<End EntitySet="User" Role="proxy"></End>
					<End EntitySet="User" Role="user"></End>
				</AssociationSet>
				<AssociationSet Name="customManager_of_user" Association="SFOData.customManager_of_user">
					<End EntitySet="User" Role="customManager"></End>
					<End EntitySet="User" Role="user"></End>
				</AssociationSet>
				<AssociationSet Name="secondManager_of_user" Association="SFOData.secondManager_of_user">
					<End EntitySet="User" Role="secondManager"></End>
					<End EntitySet="User" Role="user"></End>
				</AssociationSet>
				<AssociationSet Name="matrixManager_of_user" Association="SFOData.matrixManager_of_user">
					<End EntitySet="User" Role="matrixManager"></End>
					<End EntitySet="User" Role="user"></End>
				</AssociationSet>
				<AssociationSet Name="hr_of_user" Association="SFOData.hr_of_user">
					<End EntitySet="User" Role="hr"></End>
					<End EntitySet="User" Role="user"></End>
				</AssociationSet>
				<AssociationSet Name="manager_of_user" Association="SFOData.manager_of_user">
					<End EntitySet="User" Role="manager"></End>
					<End EntitySet="User" Role="user"></End>
				</AssociationSet>
			</EntityContainer>
		</Schema>
		<Schema Namespace="SFOData" xmlns="http://schemas.microsoft.com/ado/2008/09/edm" xmlns:sf="http://www.successfactors.com/edm/sf"
			xmlns:sap="http://www.successfactors.com/edm/sap">
			<EntityType Name="User">
				<Key>
					<PropertyRef Name="userId"></PropertyRef>
				</Key>
				<Property Name="addressLine1" Type="Edm.String" Nullable="true" sap:required="false" sap:creatable="true" sap:updatable="true"
					sap:upsertable="true" sap:visible="true" sap:sortable="false" sap:filterable="false" MaxLength="255"
					sap:field-control="userPermissionsNav/addressLine1" sap:label="Dirección"></Property>
				<Property Name="addressLine2" Type="Edm.String" Nullable="true" sap:required="false" sap:creatable="true" sap:updatable="true"
					sap:upsertable="true" sap:visible="true" sap:sortable="false" sap:filterable="false" MaxLength="255"
					sap:field-control="userPermissionsNav/addressLine2" sap:label="Address 2"></Property>
				<Property Name="assignmentUUID" Type="Edm.String" Nullable="false" sap:required="false" sap:creatable="true" sap:updatable="false"
					sap:upsertable="true" sap:visible="true" sap:sortable="true" sap:filterable="true" MaxLength="32" sap:label="assignmentUUID"></Property>
				<Property Name="benchStrength" Type="Edm.String" Nullable="true" sap:required="false" sap:creatable="true" sap:updatable="true"
					sap:upsertable="true" sap:visible="true" sap:sortable="false" sap:filterable="false" sap:picklist="benchStrength"
					sap:field-control="userPermissionsNav/benchStrength" sap:label="benchStrength"></Property>
				<Property Name="businessPhone" Type="Edm.String" Nullable="true" sap:required="false" sap:creatable="true" sap:updatable="true"
					sap:upsertable="true" sap:visible="true" sap:sortable="false" sap:filterable="false" MaxLength="20"
					sap:field-control="userPermissionsNav/businessPhone" sap:label="Teléfono Corporativo"></Property>
				<Property Name="city" Type="Edm.String" Nullable="true" sap:required="false" sap:creatable="true" sap:updatable="true" sap:upsertable="true"
					sap:visible="true" sap:sortable="false" sap:filterable="false" MaxLength="255" sap:field-control="userPermissionsNav/city"
					sap:label="Ciudad"></Property>
				<Property Name="companyExitDate" Type="Edm.DateTime" Nullable="true" sap:required="false" sap:creatable="true" sap:updatable="true"
					sap:upsertable="true" sap:visible="true" sap:sortable="false" sap:filterable="false" sap:field-control="userPermissionsNav/companyExitDate"
					sap:display-format="Date" sap:label="Fecha fin en la compañía"></Property>
				<Property Name="country" Type="Edm.String" Nullable="true" sap:required="false" sap:creatable="true" sap:updatable="true"
					sap:upsertable="true" sap:visible="true" sap:sortable="false" sap:filterable="false" MaxLength="255"
					sap:field-control="userPermissionsNav/country" sap:label="País"></Property>
				<Property Name="custom01" Type="Edm.String" Nullable="true" sap:required="false" sap:creatable="true" sap:updatable="true"
					sap:upsertable="true" sap:visible="true" sap:sortable="false" sap:filterable="false" MaxLength="255"
					sap:field-control="userPermissionsNav/custom01" sap:label="Customizable Field 1"></Property>
				<Property Name="custom02" Type="Edm.String" Nullable="true" sap:required="false" sap:creatable="true" sap:updatable="true"
					sap:upsertable="true" sap:visible="true" sap:sortable="false" sap:filterable="false" MaxLength="255"
					sap:field-control="userPermissionsNav/custom02" sap:label="DNI/NIF"></Property>
				<Property Name="custom03" Type="Edm.String" Nullable="true" sap:required="false" sap:creatable="true" sap:updatable="true"
					sap:upsertable="true" sap:visible="true" sap:sortable="false" sap:filterable="false" MaxLength="255"
					sap:field-control="userPermissionsNav/custom03" sap:label="Customizable Field 3"></Property>
				<Property Name="custom04" Type="Edm.String" Nullable="true" sap:required="false" sap:creatable="true" sap:updatable="true"
					sap:upsertable="true" sap:visible="true" sap:sortable="false" sap:filterable="false" MaxLength="255"
					sap:field-control="userPermissionsNav/custom04" sap:label="Customizable Field 4"></Property>
				<Property Name="custom05" Type="Edm.String" Nullable="true" sap:required="false" sap:creatable="true" sap:updatable="true"
					sap:upsertable="true" sap:visible="true" sap:sortable="false" sap:filterable="false" MaxLength="255"
					sap:field-control="userPermissionsNav/custom05" sap:label="Fecha de Nacimiento"></Property>
				<Property Name="custom06" Type="Edm.String" Nullable="true" sap:required="false" sap:creatable="true" sap:updatable="true"
					sap:upsertable="true" sap:visible="true" sap:sortable="false" sap:filterable="false" MaxLength="255"
					sap:field-control="userPermissionsNav/custom06" sap:label="Customizable Field 6"></Property>
				<Property Name="custom07" Type="Edm.String" Nullable="true" sap:required="false" sap:creatable="true" sap:updatable="true"
					sap:upsertable="true" sap:visible="true" sap:sortable="false" sap:filterable="false" MaxLength="255"
					sap:field-control="userPermissionsNav/custom07" sap:label="Customizable Field 7"></Property>
				<Property Name="custom08" Type="Edm.String" Nullable="true" sap:required="false" sap:creatable="true" sap:updatable="true"
					sap:upsertable="true" sap:visible="true" sap:sortable="false" sap:filterable="false" MaxLength="255"
					sap:field-control="userPermissionsNav/custom08" sap:label="Customizable Field 8"></Property>
				<Property Name="custom09" Type="Edm.String" Nullable="true" sap:required="false" sap:creatable="true" sap:updatable="true"
					sap:upsertable="true" sap:visible="true" sap:sortable="false" sap:filterable="false" MaxLength="255"
					sap:field-control="userPermissionsNav/custom09" sap:label="Customizable Field 9"></Property>
				<Property Name="custom10" Type="Edm.String" Nullable="true" sap:required="false" sap:creatable="true" sap:updatable="true"
					sap:upsertable="true" sap:visible="true" sap:sortable="false" sap:filterable="false" MaxLength="255"
					sap:field-control="userPermissionsNav/custom10" sap:label="Customizable Field 10"></Property>
				<Property Name="custom11" Type="Edm.String" Nullable="true" sap:required="false" sap:creatable="true" sap:updatable="true"
					sap:upsertable="true" sap:visible="true" sap:sortable="false" sap:filterable="false" MaxLength="255"
					sap:field-control="userPermissionsNav/custom11" sap:label="Customizable Field 11"></Property>
				<Property Name="custom12" Type="Edm.String" Nullable="true" sap:required="false" sap:creatable="true" sap:updatable="true"
					sap:upsertable="true" sap:visible="true" sap:sortable="false" sap:filterable="false" MaxLength="255"
					sap:field-control="userPermissionsNav/custom12" sap:label="Customizable Field 12"></Property>
				<Property Name="custom13" Type="Edm.String" Nullable="true" sap:required="false" sap:creatable="true" sap:updatable="true"
					sap:upsertable="true" sap:visible="true" sap:sortable="false" sap:filterable="false" MaxLength="255"
					sap:field-control="userPermissionsNav/custom13" sap:label="Customizable Field 13"></Property>
				<Property Name="custom14" Type="Edm.String" Nullable="true" sap:required="false" sap:creatable="true" sap:updatable="true"
					sap:upsertable="true" sap:visible="true" sap:sortable="false" sap:filterable="false" MaxLength="255"
					sap:field-control="userPermissionsNav/custom14" sap:label="Customizable Field 14"></Property>
				<Property Name="custom15" Type="Edm.String" Nullable="true" sap:required="false" sap:creatable="true" sap:updatable="true"
					sap:upsertable="true" sap:visible="true" sap:sortable="false" sap:filterable="false" MaxLength="255"
					sap:field-control="userPermissionsNav/custom15" sap:label="Customizable Field 15"></Property>
				<Property Name="dateOfBirth" Type="Edm.DateTime" Nullable="true" sap:required="false" sap:creatable="true" sap:updatable="true"
					sap:upsertable="true" sap:visible="true" sap:sortable="false" sap:filterable="false" sap:field-control="userPermissionsNav/dateOfBirth"
					sap:display-format="Date" sap:label="Fecha de Nacimiento"></Property>
				<Property Name="defaultFullName" Type="Edm.String" Nullable="true" sap:required="false" sap:creatable="false" sap:updatable="false"
					sap:upsertable="false" sap:visible="true" sap:sortable="false" sap:filterable="false" sap:field-control="userPermissionsNav/defaultFullName"
					sap:label="defaultFullName"></Property>
				<Property Name="defaultLocale" Type="Edm.String" Nullable="true" sap:required="false" sap:creatable="true" sap:updatable="true"
					sap:upsertable="true" sap:visible="true" sap:sortable="false" sap:filterable="false" MaxLength="32"
					sap:field-control="userPermissionsNav/defaultLocale" sap:label="Idioma"></Property>
				<Property Name="department" Type="Edm.String" Nullable="true" sap:required="false" sap:creatable="true" sap:updatable="true"
					sap:upsertable="true" sap:visible="true" sap:sortable="true" sap:filterable="true" MaxLength="128"
					sap:field-control="userPermissionsNav/department" sap:label="División de Personal"></Property>
				<Property Name="displayName" Type="Edm.String" Nullable="true" sap:required="false" sap:creatable="true" sap:updatable="true"
					sap:upsertable="true" sap:visible="true" sap:sortable="true" sap:filterable="true" MaxLength="4000"
					sap:field-control="userPermissionsNav/displayName" sap:label="displayName"></Property>
				<Property Name="division" Type="Edm.String" Nullable="true" sap:required="false" sap:creatable="true" sap:updatable="true"
					sap:upsertable="true" sap:visible="true" sap:sortable="true" sap:filterable="true" MaxLength="128"
					sap:field-control="userPermissionsNav/division" sap:label="Sociedad"></Property>
				<Property Name="email" Type="Edm.String" Nullable="true" sap:required="true" sap:creatable="true" sap:updatable="true" sap:upsertable="true"
					sap:visible="true" sap:sortable="false" sap:filterable="false" MaxLength="100" sap:field-control="userPermissionsNav/email"
					sap:label="Correo Electrónico"></Property>
				<Property Name="empId" Type="Edm.String" Nullable="true" sap:required="false" sap:creatable="true" sap:updatable="true"
					sap:upsertable="true" sap:visible="true" sap:sortable="false" sap:filterable="false" MaxLength="255"
					sap:field-control="userPermissionsNav/empId" sap:label="Nº de Matrícula"></Property>
				<Property Name="fax" Type="Edm.String" Nullable="true" sap:required="false" sap:creatable="true" sap:updatable="true" sap:upsertable="true"
					sap:visible="true" sap:sortable="false" sap:filterable="false" MaxLength="20" sap:field-control="userPermissionsNav/fax"
					sap:label="Teléfono Personal"></Property>
				<Property Name="firstName" Type="Edm.String" Nullable="true" sap:required="true" sap:creatable="true" sap:updatable="true"
					sap:upsertable="true" sap:visible="true" sap:sortable="true" sap:filterable="true" MaxLength="128"
					sap:field-control="userPermissionsNav/firstName" sap:label="Nombre"></Property>
				<Property Name="gender" Type="Edm.String" Nullable="false" sap:required="true" sap:creatable="true" sap:updatable="true"
					sap:upsertable="true" sap:visible="true" sap:sortable="false" sap:filterable="false" MaxLength="2"
					sap:field-control="userPermissionsNav/gender" sap:label="Género"></Property>
				<Property Name="hireDate" Type="Edm.DateTime" Nullable="true" sap:required="false" sap:creatable="true" sap:updatable="true"
					sap:upsertable="true" sap:visible="true" sap:sortable="false" sap:filterable="false" sap:field-control="userPermissionsNav/hireDate"
					sap:display-format="Date" sap:label="Fecha de contratación"></Property>
				<Property Name="impactOfLoss" Type="Edm.String" Nullable="true" sap:required="false" sap:creatable="true" sap:updatable="true"
					sap:upsertable="true" sap:visible="true" sap:sortable="false" sap:filterable="false" sap:picklist="impactOfLoss"
					sap:field-control="userPermissionsNav/impactOfLoss" sap:label="impactOfLoss"></Property>
				<Property Name="isPrimaryAssignment" Type="Edm.Boolean" Nullable="false" sap:required="false" sap:creatable="false" sap:updatable="false"
					sap:upsertable="false" sap:visible="true" sap:sortable="false" sap:filterable="true" sap:label="isPrimaryAssignment"></Property>
				<Property Name="jobCode" Type="Edm.String" Nullable="true" sap:required="false" sap:creatable="true" sap:updatable="true"
					sap:upsertable="true" sap:visible="true" sap:sortable="true" sap:filterable="true" MaxLength="128"
					sap:field-control="userPermissionsNav/jobCode" sap:label="Categoría"></Property>
				<Property Name="lastModified" Type="Edm.DateTime" Nullable="true" sap:required="false" sap:creatable="false" sap:updatable="false"
					sap:upsertable="false" sap:visible="true" sap:sortable="true" sap:filterable="true" sap:field-control="userPermissionsNav/lastModified"
					sap:display-format="Date" sap:label="lastModified"></Property>
				<Property Name="lastModifiedDateTime" Type="Edm.DateTimeOffset" Nullable="true" sap:required="false" sap:creatable="false"
					sap:updatable="false" sap:upsertable="false" sap:visible="true" sap:sortable="true" sap:filterable="true"
					sap:field-control="userPermissionsNav/lastModifiedDateTime" sap:label="lastModifiedDateTime"></Property>
				<Property Name="lastModifiedWithTZ" Type="Edm.DateTimeOffset" Nullable="true" sap:required="false" sap:creatable="false"
					sap:updatable="false" sap:upsertable="false" sap:visible="true" sap:sortable="true" sap:filterable="true"
					sap:field-control="userPermissionsNav/lastModifiedWithTZ" sap:label="lastModifiedWithTZ"></Property>
				<Property Name="lastName" Type="Edm.String" Nullable="true" sap:required="true" sap:creatable="true" sap:updatable="true"
					sap:upsertable="true" sap:visible="true" sap:sortable="true" sap:filterable="true" MaxLength="128"
					sap:field-control="userPermissionsNav/lastName" sap:label="Apellidos"></Property>
				<Property Name="lastReviewDate" Type="Edm.String" Nullable="true" sap:required="false" sap:creatable="true" sap:updatable="true"
					sap:upsertable="true" sap:visible="true" sap:sortable="false" sap:filterable="false" sap:field-control="userPermissionsNav/lastReviewDate"
					sap:label="Last Review Date"></Property>
				<Property Name="location" Type="Edm.String" Nullable="true" sap:required="false" sap:creatable="true" sap:updatable="true"
					sap:upsertable="true" sap:visible="true" sap:sortable="true" sap:filterable="true" MaxLength="128"
					sap:field-control="userPermissionsNav/location" sap:label="Subdivisión de Personal"></Property>
				<Property Name="loginMethod" Type="Edm.String" Nullable="true" sap:required="false" sap:creatable="true" sap:updatable="true"
					sap:upsertable="true" sap:visible="true" sap:sortable="false" sap:filterable="false" MaxLength="8"
					sap:field-control="userPermissionsNav/loginMethod" sap:label="Login Method"></Property>
				<Property Name="mi" Type="Edm.String" Nullable="true" sap:required="false" sap:creatable="true" sap:updatable="true" sap:upsertable="true"
					sap:visible="true" sap:sortable="false" sap:filterable="false" MaxLength="128" sap:field-control="userPermissionsNav/mi"
					sap:label="Middle Name"></Property>
				<Property Name="onboardingId" Type="Edm.String" Nullable="true" sap:required="false" sap:creatable="true" sap:updatable="true"
					sap:upsertable="true" sap:visible="true" sap:sortable="false" sap:filterable="false" sap:label="onboardingId"></Property>
				<Property Name="password" Type="Edm.String" Nullable="true" sap:required="false" sap:creatable="true" sap:updatable="true"
					sap:upsertable="true" sap:visible="false" sap:sortable="false" sap:filterable="false" MaxLength="128"
					sap:field-control="userPermissionsNav/password" sap:label="password"></Property>
				<Property Name="reasonForLeaving" Type="Edm.String" Nullable="true" sap:required="false" sap:creatable="true" sap:updatable="true"
					sap:upsertable="true" sap:visible="true" sap:sortable="false" sap:filterable="false" sap:picklist="reasonForLeaving"
					sap:field-control="userPermissionsNav/reasonForLeaving" sap:label="reasonForLeaving"></Property>
				<Property Name="reviewFreq" Type="Edm.String" Nullable="true" sap:required="false" sap:creatable="true" sap:updatable="true"
					sap:upsertable="true" sap:visible="true" sap:sortable="false" sap:filterable="false" MaxLength="256"
					sap:field-control="userPermissionsNav/reviewFreq" sap:label="Review Frequency"></Property>
				<Property Name="riskOfLoss" Type="Edm.String" Nullable="true" sap:required="false" sap:creatable="true" sap:updatable="true"
					sap:upsertable="true" sap:visible="true" sap:sortable="false" sap:filterable="false" sap:picklist="riskOfLoss"
					sap:field-control="userPermissionsNav/riskOfLoss" sap:label="riskOfLoss"></Property>
				<Property Name="sciLastModified" Type="Edm.DateTimeOffset" Nullable="true" sap:required="false" sap:creatable="false" sap:updatable="false"
					sap:upsertable="false" sap:visible="true" sap:sortable="true" sap:filterable="true" sap:field-control="userPermissionsNav/sciLastModified"
					sap:label="sciLastModified"></Property>
				<Property Name="state" Type="Edm.String" Nullable="true" sap:required="false" sap:creatable="true" sap:updatable="true"
					sap:upsertable="true" sap:visible="true" sap:sortable="false" sap:filterable="false" MaxLength="20"
					sap:field-control="userPermissionsNav/state" sap:label="Estado"></Property>
				<Property Name="status" Type="Edm.String" Nullable="false" sap:required="true" sap:creatable="true" sap:updatable="true"
					sap:upsertable="true" sap:visible="true" sap:sortable="true" sap:filterable="true" MaxLength="17"
					sap:field-control="userPermissionsNav/status" sap:label="status"></Property>
				<Property Name="talentPool" Type="Edm.String" Nullable="true" sap:required="false" sap:creatable="true" sap:updatable="true"
					sap:upsertable="true" sap:visible="true" sap:sortable="false" sap:filterable="false" sap:picklist="talentPool"
					sap:field-control="userPermissionsNav/talentPool" sap:label="talentPool"></Property>
				<Property Name="teamMembersSize" Type="Edm.Int32" Nullable="true" sap:required="false" sap:creatable="false" sap:updatable="false"
					sap:upsertable="false" sap:visible="true" sap:sortable="false" sap:filterable="false" sap:field-control="userPermissionsNav/teamMembersSize"
					sap:label="teamMembersSize"></Property>
				<Property Name="timeZone" Type="Edm.String" Nullable="true" sap:required="true" sap:creatable="true" sap:updatable="true"
					sap:upsertable="true" sap:visible="true" sap:sortable="false" sap:filterable="false" MaxLength="16"
					sap:field-control="userPermissionsNav/timeZone" sap:label="Zona Horaria"></Property>
				<Property Name="title" Type="Edm.String" Nullable="true" sap:required="false" sap:creatable="true" sap:updatable="true"
					sap:upsertable="true" sap:visible="true" sap:sortable="false" sap:filterable="false" MaxLength="255"
					sap:field-control="userPermissionsNav/title" sap:label="Posición"></Property>
				<Property Name="totalTeamSize" Type="Edm.Int64" Nullable="true" sap:required="false" sap:creatable="false" sap:updatable="false"
					sap:upsertable="false" sap:visible="true" sap:sortable="false" sap:filterable="false" sap:field-control="userPermissionsNav/totalTeamSize"
					sap:label="totalTeamSize"></Property>
				<Property Name="userId" Type="Edm.String" Nullable="false" sap:required="true" sap:creatable="true" sap:updatable="true"
					sap:upsertable="true" sap:visible="true" sap:sortable="true" sap:filterable="true" MaxLength="100"
					sap:field-control="userPermissionsNav/userId" sap:label="User ID"></Property>
				<Property Name="username" Type="Edm.String" Nullable="true" sap:required="false" sap:creatable="true" sap:updatable="true"
					sap:upsertable="true" sap:visible="true" sap:sortable="true" sap:filterable="true" MaxLength="100"
					sap:field-control="userPermissionsNav/username" sap:label="Nº de Matrícula"></Property>
				<Property Name="zipCode" Type="Edm.String" Nullable="true" sap:required="false" sap:creatable="true" sap:updatable="true"
					sap:upsertable="true" sap:visible="true" sap:sortable="false" sap:filterable="false" MaxLength="10"
					sap:field-control="userPermissionsNav/zipCode" sap:label="Código Postal"></Property>
				<NavigationProperty Name="customManager" sap:required="false" sap:creatable="true" sap:updatable="true" sap:upsertable="true"
					sap:visible="true" sap:sortable="true" sap:filterable="true" Relationship="SFOData.customManager_of_user" FromRole="user"
					ToRole="customManager" sap:field-control="userPermissionsNav/customManager" sap:label="Custom Manager"></NavigationProperty>
				<NavigationProperty Name="customReports" sap:required="false" sap:creatable="false" sap:updatable="false" sap:upsertable="false"
					sap:visible="true" sap:sortable="false" sap:filterable="false" Relationship="SFOData.customManager_of_user" FromRole="customManager"
					ToRole="user" sap:field-control="userPermissionsNav/customReports" sap:label="customReports"></NavigationProperty>
				<NavigationProperty Name="directReports" sap:required="false" sap:creatable="false" sap:updatable="false" sap:upsertable="false"
					sap:visible="true" sap:sortable="false" sap:filterable="false" Relationship="SFOData.manager_of_user" FromRole="manager" ToRole="user"
					sap:field-control="userPermissionsNav/directReports" sap:label="directReports"></NavigationProperty>
				<NavigationProperty Name="hr" sap:required="true" sap:creatable="true" sap:updatable="true" sap:upsertable="true" sap:visible="true"
					sap:sortable="true" sap:filterable="true" Relationship="SFOData.hr_of_user" FromRole="user" ToRole="hr"
					sap:field-control="userPermissionsNav/hr" sap:label="Responsable de RRHH"></NavigationProperty>
				<NavigationProperty Name="hrReports" sap:required="false" sap:creatable="false" sap:updatable="false" sap:upsertable="false"
					sap:visible="true" sap:sortable="false" sap:filterable="false" Relationship="SFOData.hr_of_user" FromRole="hr" ToRole="user"
					sap:field-control="userPermissionsNav/hrReports" sap:label="hrReports"></NavigationProperty>
				<NavigationProperty Name="manager" sap:required="true" sap:creatable="true" sap:updatable="true" sap:upsertable="true" sap:visible="true"
					sap:sortable="true" sap:filterable="true" Relationship="SFOData.manager_of_user" FromRole="user" ToRole="manager"
					sap:field-control="userPermissionsNav/manager" sap:label="Manager"></NavigationProperty>
				<NavigationProperty Name="matrixManager" sap:required="false" sap:creatable="true" sap:updatable="true" sap:upsertable="true"
					sap:visible="true" sap:sortable="true" sap:filterable="true" Relationship="SFOData.matrixManager_of_user" FromRole="user"
					ToRole="matrixManager" sap:field-control="userPermissionsNav/matrixManager" sap:label="Matrix Manager"></NavigationProperty>
				<NavigationProperty Name="matrixReports" sap:required="false" sap:creatable="false" sap:updatable="false" sap:upsertable="false"
					sap:visible="true" sap:sortable="false" sap:filterable="false" Relationship="SFOData.matrixManager_of_user" FromRole="matrixManager"
					ToRole="user" sap:field-control="userPermissionsNav/matrixReports" sap:label="matrixReports"></NavigationProperty>
				<NavigationProperty Name="proxy" sap:required="false" sap:creatable="true" sap:updatable="true" sap:upsertable="true" sap:visible="true"
					sap:sortable="true" sap:filterable="true" Relationship="SFOData.proxy_of_user" FromRole="user" ToRole="proxy"
					sap:field-control="userPermissionsNav/proxy" sap:label="Proxy"></NavigationProperty>
				<NavigationProperty Name="secondManager" sap:required="false" sap:creatable="true" sap:updatable="true" sap:upsertable="true"
					sap:visible="true" sap:sortable="true" sap:filterable="true" Relationship="SFOData.secondManager_of_user" FromRole="user"
					ToRole="secondManager" sap:field-control="userPermissionsNav/secondManager" sap:label="Segundo Manager"></NavigationProperty>
				<NavigationProperty Name="secondReports" sap:required="false" sap:creatable="false" sap:updatable="false" sap:upsertable="false"
					sap:visible="true" sap:sortable="false" sap:filterable="false" Relationship="SFOData.secondManager_of_user" FromRole="secondManager"
					ToRole="user" sap:field-control="userPermissionsNav/secondReports" sap:label="secondReports"></NavigationProperty>
			</EntityType>
			<Association Name="proxy_of_user">
				<End Type="SFOData.User" Multiplicity="*" Role="proxy"></End>
				<End Type="SFOData.User" Multiplicity="*" Role="user"></End>
			</Association>
			<Association Name="customManager_of_user">
				<End Type="SFOData.User" Multiplicity="*" Role="customManager"></End>
				<End Type="SFOData.User" Multiplicity="*" Role="user"></End>
			</Association>
			<Association Name="secondManager_of_user">
				<End Type="SFOData.User" Multiplicity="0..1" Role="secondManager"></End>
				<End Type="SFOData.User" Multiplicity="*" Role="user"></End>
			</Association>
			<Association Name="matrixManager_of_user">
				<End Type="SFOData.User" Multiplicity="*" Role="matrixManager"></End>
				<End Type="SFOData.User" Multiplicity="*" Role="user"></End>
			</Association>
			<Association Name="hr_of_user">
				<End Type="SFOData.User" Multiplicity="0..1" Role="hr"></End>
				<End Type="SFOData.User" Multiplicity="*" Role="user"></End>
			</Association>
			<Association Name="manager_of_user">
				<End Type="SFOData.User" Multiplicity="0..1" Role="manager"></End>
				<End Type="SFOData.User" Multiplicity="*" Role="user"></End>
			</Association>
		</Schema>
	</edmx:DataServices>
</edmx:Edmx>